1,"XqD9ydPZGri1zzi8kvnQhZRbYHwwGMvAtwNK5J8iys4a2ineN", "Vesting1 (Test)"
2,"XqCNmGhnJXSNPEL551juin37rTi6WjVpFBQkDos9CTcdmg87W", "Vesting2 (Batch1)"
3,"XqCx2hpjbotepfVbhxB48wxR72kaKpvsZUu8EiziFZ7wZJeNp", "Vesting3 (Batch1)"
4,"XqDixWHvZPFbSNzug9Uef3cy44y1edgraRZxiZkPfWnw7sDWS", "Vesting4 (Batch1)"
5,"XqBVFnnGxTR3gLv6f5L7hvouHiSCMvkueyvinPCR8KCQcjGrU", "Vesting5 (Batch1)"
6,"XqAYYfSebpV5b6TCJQczAHCBuorV4VP5uCxhnac3UTqQXi6Xi", "Vesting6 (Batch1)"
7,"XqByyiUiTgULk7aaNMj5pqF9VHiCJPPXT49eAqoHApa2zGs1S", "Vesting7 (Batch1)"
8,"XqFYkn42HSxnRanhgMEpM3aqY3i3hpmkmWvXqJ2sUuFGgXfPg", "Vesting8 (Batch1)"
9,"XqB4RPufKXEf8ectypUYDNsfEnPMJgWeDA3tZJLmw3pX5hx1g", "Vesting9 (Batch1)"
10,"XqAvG5qAHkt2kh6fhtbBi69eMzNVQKqbz1W6YmjC79awf6wDG", "Vesting10 (Batch2)"
11,"XqCEbqba4v5bUptrJNMAhDP7YbihYmKENnrogrCph3a2epMyY", "Vesting11 (Batch2)"
12,"XqAR4LrEHCTEYfeUYE9LW48gUJumtEeiPev3WPcxQqbgpbj6X", "Vesting12 (Batch2)"